#{"t_start": 1771710939.876431, "env_id": "None"}
r,l,t,is_success,distance
-28.141296,100,38.959966,0.0,0.37646540999412537
-44.688977,100,77.209548,0.0,0.5595319271087646
-42.597033,100,116.351787,0.0,0.5485092997550964
-24.205786,100,155.313973,0.0,0.25898420810699463
-27.607098,100,193.886987,0.0,0.30385881662368774
-32.513628,100,231.569932,0.0,0.3574126064777374
-37.946173,100,267.936339,0.0,0.36449843645095825
-25.665007,100,305.926909,0.0,0.3218771815299988
-24.688118,100,344.577516,0.0,0.2490656077861786
-28.052514,100,382.830264,0.0,0.2571278512477875
-26.365507,100,421.199751,0.0,0.2680651545524597
-22.215756,100,459.579236,0.0,0.22433896362781525
-23.21678,100,497.724702,0.0,0.13878479599952698
-18.399837,100,535.383452,0.0,0.2929874062538147
-14.341188,100,574.12345,0.0,0.1121663749217987
-22.909061,100,612.682091,0.0,0.2425304502248764
-24.32806,100,649.759909,0.0,0.3061378598213196
-21.92119,100,688.330846,0.0,0.2563256621360779
-21.355472,100,727.046636,0.0,0.26967382431030273
-23.22796,100,765.992953,0.0,0.26090648770332336
-23.651257,100,805.084307,0.0,0.25983771681785583
-18.194158,100,843.864995,0.0,0.2006271481513977
-16.343638,100,882.752222,0.0,0.15468935668468475
-16.825423,100,921.099333,0.0,0.16062496602535248
-7.158926,50,941.979839,1.0,0.05760854482650757
-19.115176,100,979.920775,0.0,0.2292461395263672
-13.324147,87,1013.8209,1.0,0.05643564462661743
-21.270563,100,1051.697732,0.0,0.11823847144842148
-13.802919,100,1089.180635,0.0,0.12139353901147842
-17.409542,100,1127.494289,0.0,0.14168576896190643
-13.649646,100,1165.774104,0.0,0.1261933296918869
-11.754226,100,1202.266755,0.0,0.16128289699554443
-20.740362,100,1240.695521,0.0,0.1395350694656372
-15.055123,100,1279.168128,0.0,0.14876092970371246
-17.828821,100,1317.833244,0.0,0.17256903648376465
-18.202714,100,1355.324117,0.0,0.2529313266277313
-15.70506,100,1394.09919,0.0,0.19978609681129456
-17.417453,100,1432.452965,0.0,0.26154348254203796
-20.654742,100,1471.560123,0.0,0.15464043617248535
-13.800935,100,1509.375856,0.0,0.1012677326798439
-14.386365,100,1547.589013,0.0,0.20338968932628632
-13.296588,100,1584.373648,0.0,0.126460000872612
-16.365948,100,1622.155837,0.0,0.21786904335021973
-16.21195,100,1661.157472,0.0,0.12743565440177917
-19.236088,100,1699.444854,0.0,0.3171981871128082
-17.531451,100,1738.354954,0.0,0.2815110981464386
-21.600648,100,1777.296769,0.0,0.32009708881378174
-24.832557,100,1816.285425,0.0,0.3017024099826813
-15.031234,100,1854.922506,0.0,0.13912101089954376
-19.393937,100,1893.199324,0.0,0.18485170602798462
-15.151401,100,1930.942882,0.0,0.25080934166908264
-21.856557,100,1970.054501,0.0,0.15398401021957397
-22.151568,100,2007.828446,0.0,0.30588942766189575
-20.009991,100,2046.876429,0.0,0.3226136565208435
-16.375822,100,2085.996011,0.0,0.25174301862716675
-14.596484,100,2124.599127,0.0,0.15058284997940063
-20.359219,100,2163.050299,0.0,0.3035970628261566
-22.781156,100,2201.613458,0.0,0.34274232387542725
-16.700881,100,2240.491432,0.0,0.21028931438922882
-22.40645,100,2278.706653,0.0,0.276417076587677
-19.907313,100,2314.208637,0.0,0.2792171537876129
-17.168579,100,2352.728973,0.0,0.24422240257263184
-20.039154,100,2390.769958,0.0,0.25768253207206726
-25.438207,100,2426.857666,0.0,0.1442251205444336
-19.477255,100,2462.959,0.0,0.3002156615257263
-16.528071,100,2501.384822,0.0,0.2795707583427429
-16.051084,100,2539.839657,0.0,0.27692508697509766
-20.095453,100,2578.598684,0.0,0.3084212839603424
-17.006073,100,2617.108864,0.0,0.24973587691783905
-25.242899,100,2654.050081,0.0,0.31653687357902527
-13.856032,100,2692.72062,0.0,0.12602359056472778
-18.207032,100,2729.159701,0.0,0.12068142741918564
-21.918218,100,2766.102702,0.0,0.3276999890804291
-19.484554,100,2804.932442,0.0,0.2869974374771118
-19.200064,100,2843.158044,0.0,0.3026640713214874
-16.606208,100,2881.72839,0.0,0.14821374416351318
-17.014361,100,2919.914844,0.0,0.18077322840690613
-24.835113,100,2955.982235,0.0,0.303771048784256
-22.591717,100,2994.592283,0.0,0.33785519003868103
-26.127408,100,3031.113493,0.0,0.26934322714805603
-15.651336,100,3069.405208,0.0,0.15543654561042786
-24.557653,100,3105.386541,0.0,0.2898330092430115
-21.463553,100,3141.908298,0.0,0.2157720923423767
-16.687857,100,3177.814012,0.0,0.21031081676483154
-24.765716,100,3213.676994,0.0,0.28323349356651306
-9.59828,100,3249.927001,0.0,0.0827789232134819
-8.55036,100,3287.581388,0.0,0.09216642379760742
-15.997391,100,3326.092554,0.0,0.2641606330871582
-2.068947,32,3338.411113,1.0,0.059583406895399094
-91.603413,100,3378.510682,0.0,0.8483170866966248
-93.320218,100,3415.897291,0.0,0.8445422649383545
-99.071841,100,3453.443287,0.0,1.010609745979309
-101.215927,100,3490.147537,0.0,1.0176289081573486
-104.203545,100,3526.472965,0.0,1.0397361516952515
-104.727357,100,3562.376675,0.0,1.057492733001709
-103.873693,100,3598.471725,0.0,1.0334981679916382
-104.144218,100,3634.585164,0.0,1.0560288429260254
-103.533737,100,3670.986131,0.0,1.054221749305725
-104.856539,100,3707.275496,0.0,1.0962727069854736
-98.226414,100,3745.099366,0.0,1.010140061378479
-104.438834,100,3781.455673,0.0,1.0563586950302124
-106.670356,100,3817.729131,0.0,1.0772486925125122
-102.797263,100,3853.712556,0.0,1.061692237854004
-113.611489,100,3889.972838,0.0,1.1994460821151733
-102.611559,100,3928.497784,0.0,1.0247071981430054
-102.801787,100,3964.66838,0.0,1.0711122751235962
-101.254578,100,4000.95993,0.0,1.0117825269699097
-96.052993,100,4037.771945,0.0,1.0108305215835571
-107.132446,100,4074.322522,0.0,1.1322221755981445
-104.017676,100,4110.813567,0.0,1.0327402353286743
-105.453611,100,4146.686621,0.0,1.0512888431549072
-103.22611,100,4182.774233,0.0,1.0540714263916016
-90.349145,100,4219.135616,0.0,0.8989940881729126
-104.59099,100,4257.656822,0.0,1.088138461112976
-101.869035,100,4294.011688,0.0,1.0178565979003906
-102.822522,100,4330.346353,0.0,1.032772183418274
-98.756738,100,4366.856919,0.0,0.9869414567947388
-91.197328,100,4406.081135,0.0,0.8326857686042786
-102.373864,100,4442.958561,0.0,1.028645396232605
-108.035393,100,4481.315787,0.0,1.1419895887374878
-106.630302,100,4519.858137,0.0,1.091485857963562
-105.607094,100,4555.988195,0.0,1.0705853700637817
-100.90132,100,4592.598635,0.0,1.0053200721740723
-104.124549,100,4630.445941,0.0,1.0514171123504639
-103.586678,100,4666.745041,0.0,1.0397764444351196
-103.957149,100,4702.644228,0.0,1.0502668619155884
-99.593573,100,4738.959204,0.0,0.9956977963447571
-92.90284,100,4777.947959,0.0,0.8257800936698914
-95.576665,100,4814.106858,0.0,0.8594660758972168
-104.25208,100,4851.641686,0.0,1.0347626209259033
-106.069519,100,4887.528705,0.0,1.071474313735962
-110.854702,100,4923.612085,0.0,1.1584818363189697
-109.803239,100,4959.401053,0.0,1.1266860961914062
-105.702712,100,4994.856534,0.0,1.0590654611587524
-111.657362,100,5031.079585,0.0,1.1244341135025024
-104.287574,100,5066.881213,0.0,1.0298932790756226
-104.211298,100,5104.733262,0.0,1.0717979669570923
-82.136099,100,5140.720332,0.0,0.6857345700263977
-87.006694,100,5179.039844,0.0,0.7813513875007629
-103.463174,100,5216.761891,0.0,1.0524048805236816
-112.324954,100,5253.201619,0.0,1.1320278644561768
-104.838253,100,5289.23749,0.0,1.0526795387268066
-106.41571,100,5325.839458,0.0,1.1174906492233276
-107.59762,100,5362.362317,0.0,1.0801095962524414
-107.787552,100,5398.43839,0.0,1.0958211421966553
-112.075842,100,5434.732249,0.0,1.1243325471878052
-107.591673,100,5470.704618,0.0,1.0755066871643066
-90.555336,100,5506.545184,0.0,0.8230230212211609
-85.056636,100,5543.644254,0.0,0.6967772841453552
-103.827996,100,5581.83904,0.0,1.0440820455551147
-105.416155,100,5619.247106,0.0,1.0648537874221802
-104.201452,100,5657.070813,0.0,1.0412932634353638
-107.04425,100,5694.536397,0.0,1.072869062423706
-115.215585,100,5730.65527,0.0,1.2091132402420044
-105.275589,100,5767.963901,0.0,1.0488481521606445
-111.769505,100,5804.402177,0.0,1.1410287618637085
-113.752107,100,5840.171299,0.0,1.1699304580688477
-81.37372,100,5875.853639,0.0,0.6971309781074524
-77.721882,100,5914.006161,0.0,0.7312877178192139
-93.733608,100,5952.01322,0.0,0.8539162278175354
-95.881261,100,5987.917224,0.0,0.8001101613044739
-88.942397,100,6025.266093,0.0,0.7599292993545532
-85.590918,100,6063.069034,0.0,0.7570475935935974
-104.95829,100,6100.902317,0.0,1.0388034582138062
-103.283789,100,6138.509861,0.0,1.0325212478637695
-105.841703,100,6176.886502,0.0,1.052719235420227
-104.627807,100,6213.227309,0.0,1.026770830154419
-79.150316,100,6251.533994,0.0,0.6598324179649353
-93.980699,100,6290.087655,0.0,0.9212929010391235
-103.812821,100,6325.482939,0.0,1.0512677431106567
-93.906092,100,6364.199664,0.0,0.8362881541252136
-73.378092,100,6401.088796,0.0,0.7033299207687378
-69.278834,100,6439.434396,0.0,0.6094556450843811
-79.386363,100,6478.216228,0.0,0.6449639201164246
-78.564339,100,6516.762516,0.0,0.6306837797164917
-88.526453,100,6555.467547,0.0,0.7988471388816833
-69.387398,100,6593.081916,0.0,0.5957674980163574
-69.970232,100,6631.967646,0.0,0.6547998785972595
-68.847968,100,6670.575628,0.0,0.5872855186462402
-84.205165,100,6709.512357,0.0,0.6804301738739014
-74.32929,100,6748.109154,0.0,0.6302253603935242
-84.777934,100,6786.699101,0.0,0.6922316551208496
-76.295177,100,6824.849459,0.0,0.5885946750640869
-61.42091,100,6866.266442,0.0,0.5284944772720337
-69.588449,100,6905.154455,0.0,0.5954828858375549
-81.406418,100,6943.998038,0.0,0.5924442410469055
-86.804694,100,6982.574995,0.0,0.6708610653877258
-59.964024,100,7022.236854,0.0,0.5319566130638123
-67.271827,100,7061.76725,0.0,0.4814774990081787
-62.963117,100,7100.772603,0.0,0.5150986909866333
-56.907863,100,7143.039503,0.0,0.4847065210342407
-51.426443,100,7189.78076,0.0,0.44734618067741394
-54.290288,100,7235.227432,0.0,0.43542367219924927
-67.748746,100,7277.606302,0.0,0.4307437539100647
-52.733067,100,7323.783243,0.0,0.4278508424758911
-58.101087,100,7369.567323,0.0,0.4538639783859253
-56.771569,100,7415.271932,0.0,0.42208734154701233
-52.682933,100,7455.273371,0.0,0.43017885088920593
-55.027954,100,7495.138116,0.0,0.4341293275356293
-58.690328,100,7540.037408,0.0,0.428845077753067
-51.303655,100,7586.078025,0.0,0.4259234666824341
-54.277733,100,7632.989545,0.0,0.46002885699272156
-53.563646,100,7672.962415,0.0,0.43344366550445557
-50.283825,100,7720.929278,0.0,0.42203184962272644
-50.898877,100,7768.630598,0.0,0.43489935994148254
-52.087685,100,7815.922157,0.0,0.4313145577907562
