#{"t_start": 1771789105.7631354, "env_id": "None"}
r,l,t,is_success,distance
-46.003189,100,12.089666,0.0,0.7239598035812378
-48.190723,100,27.087626,0.0,0.7724202871322632
-51.403871,100,42.380518,0.0,0.817463219165802
-49.570962,100,57.215579,0.0,0.7749326825141907
-53.516224,100,72.104794,0.0,0.8092726469039917
-53.612572,100,87.470365,0.0,0.8155190944671631
-51.767885,100,102.815199,0.0,0.7830580472946167
-52.131065,100,118.063887,0.0,0.7947755455970764
-52.403101,100,133.192424,0.0,0.8039754033088684
-46.568868,100,148.447107,0.0,0.7290987968444824
-53.646556,100,163.660738,0.0,0.8099624514579773
-51.280078,100,178.950759,0.0,0.8083335161209106
-52.512076,100,194.377291,0.0,0.814229428768158
-52.740238,100,209.419538,0.0,0.808724582195282
-51.943767,100,224.241608,0.0,0.7997395396232605
-50.35377,100,239.187702,0.0,0.8001003265380859
-49.530132,100,253.885027,0.0,0.7747606039047241
-52.354832,100,268.85514,0.0,0.8114809393882751
-52.62273,100,283.695211,0.0,0.81593918800354
-47.062312,100,298.507363,0.0,0.6944770216941833
-52.593178,100,313.339886,0.0,0.8167651295661926
-48.932941,100,328.273635,0.0,0.7395476698875427
-49.516708,100,342.920742,0.0,0.7673717141151428
-51.42822,100,357.757062,0.0,0.7986763715744019
-49.173001,100,372.410865,0.0,0.779146671295166
-48.093825,100,387.260811,0.0,0.758995771408081
-49.20635,100,401.95627,0.0,0.7461116313934326
-48.683635,100,416.628511,0.0,0.7739608287811279
-50.756622,100,431.443593,0.0,0.7600132822990417
-46.547886,100,446.102431,0.0,0.684291660785675
-48.923044,100,460.74941,0.0,0.713401734828949
-49.659867,100,475.355911,0.0,0.7245199680328369
-48.744314,100,489.910382,0.0,0.7580017447471619
-45.053885,100,504.69925,0.0,0.6537899374961853
-46.401634,100,519.204211,0.0,0.626600980758667
-43.566623,100,533.80107,0.0,0.6565886735916138
-44.507495,100,548.298405,0.0,0.6620578765869141
-46.633438,100,563.060167,0.0,0.6814669370651245
-44.534948,100,577.901343,0.0,0.6651749014854431
-44.687375,100,592.75561,0.0,0.7265003323554993
-45.913323,100,607.620624,0.0,0.6613579392433167
-41.262791,100,622.378114,0.0,0.576417863368988
-44.903101,100,637.450543,0.0,0.6730325818061829
-46.562483,100,652.831615,0.0,0.6742811799049377
-39.262639,100,667.948744,0.0,0.5193140506744385
-48.057943,100,682.961462,0.0,0.6689549088478088
-47.523717,100,697.99541,0.0,0.6338146924972534
-44.684718,100,713.131126,0.0,0.6397621631622314
-46.831043,100,728.725993,0.0,0.6084344983100891
-43.124781,100,744.189634,0.0,0.5920798182487488
-43.178861,100,759.47805,0.0,0.5822508335113525
-47.256838,100,774.443296,0.0,0.6860340237617493
-44.659792,100,789.676993,0.0,0.6487979292869568
-42.258942,100,804.993611,0.0,0.6183531284332275
-43.568864,100,820.17503,0.0,0.6372107267379761
-43.433314,100,836.026133,0.0,0.5603753328323364
-42.690226,100,852.151859,0.0,0.5378994941711426
-37.768409,100,867.461986,0.0,0.47523289918899536
-52.601542,100,882.579309,0.0,0.6542860865592957
-38.888274,100,897.955921,0.0,0.4533575177192688
-43.057627,100,912.552565,0.0,0.5959554314613342
-40.969556,100,927.785678,0.0,0.5077376365661621
-43.112562,100,942.784945,0.0,0.5676200985908508
-39.057607,100,957.849208,0.0,0.48374924063682556
-36.825743,100,972.717957,0.0,0.454189658164978
-39.85903,100,987.411047,0.0,0.45702531933784485
-42.091169,100,1002.331278,0.0,0.43507397174835205
-38.677897,100,1016.798766,0.0,0.4300226867198944
-37.203538,100,1031.237833,0.0,0.4621879756450653
-38.17552,100,1046.539886,0.0,0.4929567277431488
-36.032946,100,1062.602511,0.0,0.38287898898124695
-38.631488,100,1078.23858,0.0,0.43159499764442444
-38.424292,100,1093.162272,0.0,0.4691455066204071
-35.82972,100,1108.018254,0.0,0.4443449378013611
-40.589685,100,1123.423424,0.0,0.5244265794754028
-38.665877,100,1139.201101,0.0,0.43856775760650635
-38.334993,100,1153.990022,0.0,0.4772983491420746
-37.548595,100,1168.758459,0.0,0.4406093657016754
-40.380466,100,1183.197039,0.0,0.48558270931243896
-36.860174,100,1198.107279,0.0,0.41846925020217896
-38.881622,100,1212.530411,0.0,0.46818307042121887
-33.570577,100,1227.316832,0.0,0.43325382471084595
-33.9572,100,1241.737156,0.0,0.4074322283267975
-39.318266,100,1255.708481,0.0,0.45540332794189453
-36.163497,100,1270.277011,0.0,0.44744041562080383
-33.760012,100,1285.21115,0.0,0.42570242285728455
-36.026598,100,1300.478674,0.0,0.39982107281684875
-31.009974,100,1315.906493,0.0,0.32304394245147705
-32.037037,100,1328.649661,0.0,0.39999231696128845
-32.470206,100,1343.846318,0.0,0.35575416684150696
-30.928717,100,1357.05782,0.0,0.32227379083633423
-31.207027,100,1369.967548,0.0,0.3469088077545166
-27.354472,100,1383.027763,0.0,0.2895893156528473
-28.706595,100,1396.943242,0.0,0.28899601101875305
-29.203654,100,1411.496076,0.0,0.34221091866493225
-27.157464,100,1424.02643,0.0,0.25683528184890747
-25.885813,100,1439.169663,0.0,0.2594863176345825
-27.482782,100,1453.648011,0.0,0.2548303008079529
-26.435826,100,1467.94755,0.0,0.3000796437263489
-25.351593,100,1480.432338,0.0,0.23380941152572632
-25.659373,100,1494.847554,0.0,0.24639162421226501
-22.50165,100,1508.97564,0.0,0.248997762799263
-23.553791,100,1523.989341,0.0,0.23186151683330536
-22.142361,100,1538.930477,0.0,0.2036769986152649
-19.067068,100,1553.720043,0.0,0.17789602279663086
-18.603014,100,1569.084772,0.0,0.1534404158592224
-20.392091,100,1584.460742,0.0,0.18730011582374573
-16.176056,100,1599.995827,0.0,0.15211868286132812
-21.441344,100,1615.463257,0.0,0.23375113308429718
-18.960341,100,1630.713638,0.0,0.16409283876419067
-15.797721,100,1645.864267,0.0,0.1013227105140686
-15.414872,100,1660.584967,0.0,0.1234644427895546
-16.145281,100,1675.570857,0.0,0.11020936816930771
-14.705836,100,1691.678101,0.0,0.11624323576688766
-20.318279,100,1706.688929,0.0,0.18599866330623627
-19.549845,100,1721.696042,0.0,0.17415642738342285
-17.133839,100,1736.79264,0.0,0.1448371410369873
-18.326511,100,1752.642347,0.0,0.1404717117547989
-17.552372,100,1767.597732,0.0,0.13319338858127594
-18.014686,100,1783.323587,0.0,0.1949489712715149
-17.272161,100,1798.78198,0.0,0.17967888712882996
-19.152244,100,1813.914756,0.0,0.18112827837467194
-17.793994,100,1829.254996,0.0,0.17547522485256195
-15.309927,100,1844.564716,0.0,0.09834648668766022
-17.755223,100,1859.715132,0.0,0.15305233001708984
-18.947416,100,1875.905472,0.0,0.15982942283153534
-16.509548,100,1891.967577,0.0,0.12434752285480499
-16.37642,100,1908.12675,0.0,0.11202201247215271
-19.696884,100,1923.915358,0.0,0.18885281682014465
-16.896126,100,1939.646588,0.0,0.1519312709569931
-16.858352,100,1955.371719,0.0,0.18213048577308655
-17.646735,100,1970.919814,0.0,0.1424178034067154
-17.489382,100,1986.418497,0.0,0.170218363404274
-17.872403,100,2002.032082,0.0,0.16477005183696747
-15.282122,100,2017.572918,0.0,0.10832049697637558
-18.218839,100,2033.273176,0.0,0.1396586149930954
-18.926872,100,2048.982136,0.0,0.19322505593299866
-15.352881,100,2065.28726,0.0,0.12139018625020981
-17.532289,100,2081.448998,0.0,0.1552179455757141
-20.917224,100,2097.264569,0.0,0.20998990535736084
-16.325144,100,2113.586717,0.0,0.1665951907634735
-17.607765,100,2129.747265,0.0,0.17050911486148834
-14.522031,100,2145.639883,0.0,0.11806979775428772
-14.795061,100,2161.590954,0.0,0.11968505382537842
-15.527575,100,2177.166881,0.0,0.1323348581790924
-15.043758,100,2193.024688,0.0,0.09954462200403214
-14.357398,100,2208.684498,0.0,0.1268511861562729
-14.930271,100,2224.352742,0.0,0.10043230652809143
-13.752578,100,2240.038944,0.0,0.08635447919368744
-15.549436,100,2256.012889,0.0,0.11045078188180923
-17.173256,100,2272.047865,0.0,0.12394669651985168
-14.316628,100,2288.067152,0.0,0.1130397841334343
-19.169298,100,2304.002573,0.0,0.1325632631778717
-14.778588,100,2320.156303,0.0,0.07855305820703506
-16.076395,100,2335.877783,0.0,0.16112734377384186
-14.701547,100,2352.073085,0.0,0.15918391942977905
-11.925008,87,2366.914151,1.0,0.05996796861290932
-15.892693,100,2381.893791,0.0,0.10568072646856308
-13.720274,100,2398.144882,0.0,0.10373535752296448
-15.296823,100,2413.391726,0.0,0.1247994676232338
-15.523585,100,2428.48498,0.0,0.1374707818031311
-14.566728,100,2443.739899,0.0,0.10020840167999268
-13.494373,100,2458.863758,0.0,0.06328128278255463
-13.075228,100,2474.099823,0.0,0.08046720921993256
-15.730243,100,2489.581564,0.0,0.13852380216121674
-16.077999,100,2505.046607,0.0,0.1416207104921341
-12.194403,87,2519.298439,1.0,0.05948388949036598
-13.077903,100,2534.629226,0.0,0.09250137954950333
-15.595552,100,2550.119391,0.0,0.12594515085220337
-13.559297,100,2565.78695,0.0,0.1093849390745163
-13.199463,100,2581.33009,0.0,0.09992552548646927
-10.33963,77,2593.992616,1.0,0.05976100265979767
-10.205592,76,2606.583072,1.0,0.059529732912778854
-12.239979,93,2621.081857,1.0,0.05963769555091858
-11.681799,94,2635.853311,1.0,0.0569303072988987
-10.306767,72,2647.986428,1.0,0.05848873034119606
-12.1027,100,2663.220141,0.0,0.08099000155925751
-10.522146,82,2676.679713,1.0,0.058869246393442154
-10.287041,73,2688.791212,1.0,0.05950518697500229
-9.390526,76,2701.275234,1.0,0.059496622532606125
-9.661783,73,2713.266032,1.0,0.058361560106277466
-8.906406,71,2725.38187,1.0,0.05847488343715668
-9.97205,76,2738.390812,1.0,0.059562377631664276
-8.315143,65,2749.658563,1.0,0.057533085346221924
-9.259385,72,2761.629399,1.0,0.05976352095603943
-8.428566,68,2773.102337,1.0,0.05934703350067139
-12.12989,100,2788.468371,0.0,0.07727774977684021
-10.068523,79,2801.11632,1.0,0.05810348689556122
-10.641427,88,2815.155936,1.0,0.05558634549379349
-13.956331,100,2830.479636,0.0,0.13719023764133453
-10.296908,75,2843.014431,1.0,0.05803569406270981
-11.918869,99,2858.824629,1.0,0.05404342710971832
-10.854389,93,2873.028649,1.0,0.05448457598686218
-12.070765,89,2886.874805,1.0,0.05924873799085617
-10.041427,76,2899.088456,1.0,0.05733468383550644
-10.162621,81,2911.872746,1.0,0.05708892643451691
-12.811559,99,2926.959011,1.0,0.05615605413913727
-10.596845,83,2940.28396,1.0,0.05453680828213692
-10.662351,73,2952.772923,1.0,0.0586555190384388
-10.214799,80,2965.907417,1.0,0.05757099762558937
-13.843609,100,2981.320039,0.0,0.13221144676208496
-14.935528,100,2996.357822,0.0,0.1369324028491974
-15.374871,100,3012.238045,0.0,0.13768912851810455
-12.207142,90,3027.011307,1.0,0.058520443737506866
-13.649182,100,3042.798497,0.0,0.12360163778066635
-15.469677,100,3058.929358,0.0,0.09628215432167053
-12.027694,100,3075.119456,0.0,0.11293008178472519
-16.457054,100,3090.748554,0.0,0.15587368607521057
-12.991465,100,3106.323886,0.0,0.10213171690702438
-13.358471,100,3122.220243,0.0,0.09961987286806107
